week_start,channel,creative_name,cost_krw,impressions,clicks,attribution,active_user_count,new_reactivated_user_count,ret_d1_base,ret_d1_users,ret_d7_base,ret_d7_users,cohort_revenue_krw_d0,cohort_revenue_krw_d7,af_installs,re_attributions,re_engagements,campaign_names,moloco_installs,creative_type,resolution,creative_group,moloco_asset_url,meta_adsmanager_url,video_play_25,video_play_50,video_play_75,video_play_100
2026-05-04,moloco_int,중고거래_홈피드_15초_세로_A,2062440,332595,9856,1844,4024,1645,1645,843,1645,356,2745053,7612562,1305,152,379,fleamarket video q2 캠페인,1432,NATIVE_VIDEO,1080x1920,fleamarket_video_q2,https://assets.adsmoloco.com/%EC%A4%91%EA%B3%A0%EA%B1%B0%EB%9E%98_%ED%99%88%ED%94%BC%EB%93%9C_15%EC%B4%88_%EC%84%B8%EB%A1%9C_A.mp4,,280477,237091,197179,179955
2026-05-04,moloco_int,중고거래_배너_정사각_거래안전_B,2542550,278429,6440,932,1791,725,725,291,725,119,879307,2094889,504,107,267,fleamarket image q2 캠페인,546,IMAGE,1080x1080,fleamarket_image_q2,https://assets.adsmoloco.com/%EC%A4%91%EA%B3%A0%EA%B1%B0%EB%9E%98_%EB%B0%B0%EB%84%88_%EC%A0%95%EC%82%AC%EA%B0%81_%EA%B1%B0%EB%9E%98%EC%95%88%EC%A0%84_B.png,,,,,
2026-05-04,moloco_int,알바_숏폼_동네알바_9초_C,5008771,619066,14401,2301,4635,1884,1884,831,1884,344,2590043,6530070,1376,238,594,jobs video q2 캠페인,1292,VIDEO,1080x1920,jobs_video_q2,https://assets.adsmoloco.com/%EC%95%8C%EB%B0%94_%EC%88%8F%ED%8F%BC_%EB%8F%99%EB%84%A4%EC%95%8C%EB%B0%94_9%EC%B4%88_C.mp4,,483060,399705,325417,282959
2026-05-04,moloco_int,부동산_realty_직거래_이미지_D,485227,46413,820,103,186,75,75,26,75,11,75530,166623,49,13,33,realty image 캠페인,44,NATIVE_IMAGE,1200x628,realty_image,https://assets.adsmoloco.com/%EB%B6%80%EB%8F%99%EC%82%B0_realty_%EC%A7%81%EA%B1%B0%EB%9E%98_%EC%9D%B4%EB%AF%B8%EC%A7%80_D.png,,,,,
2026-05-04,moloco_int,중고차_cars_시세조회_영상_E,3051142,323540,7295,1025,1942,786,786,307,786,125,916766,2147617,539,121,303,usedcar video 캠페인,572,VIDEO,1080x1350,usedcar_video,https://assets.adsmoloco.com/%EC%A4%91%EA%B3%A0%EC%B0%A8_cars_%EC%8B%9C%EC%84%B8%EC%A1%B0%ED%9A%8C_%EC%98%81%EC%83%81_E.mp4,,238012,193486,154661,128618
2026-05-04,moloco_int,모임_group_동네친구_이미지_F,549193,56666,1169,160,299,121,121,46,121,19,136212,314345,82,19,48,group image 캠페인,82,IMAGE,1080x1080,group_image,https://assets.adsmoloco.com/%EB%AA%A8%EC%9E%84_group_%EB%8F%99%EB%84%A4%EC%B9%9C%EA%B5%AC_%EC%9D%B4%EB%AF%B8%EC%A7%80_F.png,,,,,
2026-05-04,moloco_int,동네업체_localbiz_예약_영상_G,4332908,508463,10958,1683,3325,1350,1350,573,1350,236,1765467,4349738,967,182,454,biz video 캠페인,1026,NATIVE_VIDEO,1080x1920,biz_video,https://assets.adsmoloco.com/%EB%8F%99%EB%84%A4%EC%97%85%EC%B2%B4_localbiz_%EC%98%88%EC%95%BD_%EC%98%81%EC%83%81_G.mp4,,389456,320506,259491,222671
2026-05-04,moloco_int,브랜딩_branding_당근모먼트_H,466850,56095,1384,217,433,176,176,76,176,31,235614,586756,127,23,57,brand video 캠페인,133,VIDEO,1920x1080,brand_video,https://assets.adsmoloco.com/%EB%B8%8C%EB%9E%9C%EB%94%A9_branding_%EB%8B%B9%EA%B7%BC%EB%AA%A8%EB%A8%BC%ED%8A%B8_H.mp4,,43338,35756,29025,25062
2026-05-04,moloco_int,중고거래_declutter_비우기_영상_I,4081082,490931,12359,1935,3859,1567,1567,678,1567,280,2100106,5232639,1133,204,511,fleamarket video q2 캠페인,1188,NATIVE_VIDEO,1080x1920,fleamarket_video_q2,https://assets.adsmoloco.com/%EC%A4%91%EA%B3%A0%EA%B1%B0%EB%9E%98_declutter_%EB%B9%84%EC%9A%B0%EA%B8%B0_%EC%98%81%EC%83%81_I.mp4,,379441,313097,254185,219545
2026-05-04,moloco_int,알바_baro_running_급구_이미지_J,1204149,99881,1244,128,213,85,85,25,85,10,64428,128376,51,19,47,jobs image 캠페인,53,IMAGE,1080x1080,jobs_image,https://assets.adsmoloco.com/%EC%95%8C%EB%B0%94_baro_running_%EA%B8%89%EA%B5%AC_%EC%9D%B4%EB%AF%B8%EC%A7%80_J.png,,,,,
2026-05-04,moloco_int,부동산_secretkey_시크릿키_영상_K,1437225,144255,2971,394,728,294,294,109,294,44,318554,723623,196,49,122,realty video 캠페인,189,VIDEO,1080x1920,realty_video,https://assets.adsmoloco.com/%EB%B6%80%EB%8F%99%EC%82%B0_secretkey_%EC%8B%9C%ED%81%AC%EB%A6%BF%ED%82%A4_%EC%98%81%EC%83%81_K.mp4,,103560,83537,66226,53931
2026-05-04,moloco_int,중고거래_nocommission_수수료0_L,2393178,237075,4240,555,1019,411,411,150,411,61,436918,984836,273,70,174,fleamarket image q2 캠페인,271,NATIVE_IMAGE,1200x628,fleamarket_image_q2,https://assets.adsmoloco.com/%EC%A4%91%EA%B3%A0%EA%B1%B0%EB%9E%98_nocommission_%EC%88%98%EC%88%98%EB%A3%8C0_L.png,,,,,
2026-05-04,moloco_int,동네업체_realdaangn_단골_영상_M,2267176,276754,6462,1023,2051,833,833,364,833,151,1132062,2838905,606,107,267,biz video 캠페인,647,NATIVE_VIDEO,1080x1920,biz_video,https://assets.adsmoloco.com/%EB%8F%99%EB%84%A4%EC%97%85%EC%B2%B4_realdaangn_%EB%8B%A8%EA%B3%A8_%EC%98%81%EC%83%81_M.mp4,,215019,177693,144483,125252
2026-05-04,moloco_int,모임_group_취미모임_배너_N,1197035,97232,1365,135,221,88,88,25,88,9,63208,123794,52,20,51,group image 캠페인,53,BANNER,320x50,group_image,https://assets.adsmoloco.com/%EB%AA%A8%EC%9E%84_group_%EC%B7%A8%EB%AF%B8%EB%AA%A8%EC%9E%84_%EB%B0%B0%EB%84%88_N.png,,,,,
2026-05-04,Facebook Ads,중고거래_홈피드_15초_세로_A,3237527,439210,11109,1891,3930,1601,1601,750,1601,313,2380200,6229382,1208,180,450,fleamarket video q2 캠페인,,,,,,https://business.facebook.com/adsmanager/manage/ads?act=demo&selected=%EC%A4%91%EA%B3%A0%EA%B1%B0%EB%9E%98_%ED%99%88%ED%94%BC%EB%93%9C_15%EC%B4%88_%EC%84%B8%EB%A1%9C_A,,,,
2026-05-04,Facebook Ads,중고거래_배너_정사각_거래안전_B,2397556,228260,4129,516,929,374,374,131,374,52,373790,822158,243,67,168,fleamarket image q2 캠페인,,,,,,https://business.facebook.com/adsmanager/manage/ads?act=demo&selected=%EC%A4%91%EA%B3%A0%EA%B1%B0%EB%9E%98_%EB%B0%B0%EB%84%88_%EC%A0%95%EC%82%AC%EA%B0%81_%EA%B1%B0%EB%9E%98%EC%95%88%EC%A0%84_B,,,,
2026-05-04,Facebook Ads,알바_숏폼_동네알바_9초_C,1773938,227061,5671,929,1894,771,771,348,771,145,1093307,2797027,570,93,233,jobs video q2 캠페인,,,,,,https://business.facebook.com/adsmanager/manage/ads?act=demo&selected=%EC%95%8C%EB%B0%94_%EC%88%8F%ED%8F%BC_%EB%8F%99%EB%84%A4%EC%95%8C%EB%B0%94_9%EC%B4%88_C,,,,
2026-05-04,Facebook Ads,부동산_realty_직거래_이미지_D,2551263,215912,2872,304,512,205,205,62,205,24,163027,330049,124,44,110,realty image 캠페인,,,,,,https://business.facebook.com/adsmanager/manage/ads?act=demo&selected=%EB%B6%80%EB%8F%99%EC%82%B0_realty_%EC%A7%81%EA%B1%B0%EB%9E%98_%EC%9D%B4%EB%AF%B8%EC%A7%80_D,,,,
2026-05-04,Facebook Ads,중고차_cars_시세조회_영상_E,3622482,370010,7514,1016,1893,765,765,288,765,117,849462,1949206,515,124,310,usedcar video 캠페인,,,,,,https://business.facebook.com/adsmanager/manage/ads?act=demo&selected=%EC%A4%91%EA%B3%A0%EC%B0%A8_cars_%EC%8B%9C%EC%84%B8%EC%A1%B0%ED%9A%8C_%EC%98%81%EC%83%81_E,,,,
2026-05-04,Facebook Ads,모임_group_동네친구_이미지_F,3722035,361876,6357,814,1481,597,597,214,597,86,616931,1374903,392,104,260,group image 캠페인,,,,,,https://business.facebook.com/adsmanager/manage/ads?act=demo&selected=%EB%AA%A8%EC%9E%84_group_%EB%8F%99%EB%84%A4%EC%B9%9C%EA%B5%AC_%EC%9D%B4%EB%AF%B8%EC%A7%80_F,,,,
2026-05-04,Facebook Ads,동네업체_localbiz_예약_영상_G,2103702,247576,5909,910,1800,731,731,311,731,128,958741,2365253,524,98,245,biz video 캠페인,,,,,,https://business.facebook.com/adsmanager/manage/ads?act=demo&selected=%EB%8F%99%EB%84%A4%EC%97%85%EC%B2%B4_localbiz_%EC%98%88%EC%95%BD_%EC%98%81%EC%83%81_G,,,,
2026-05-04,Facebook Ads,브랜딩_branding_당근모먼트_H,1477816,190537,4589,756,1545,629,629,285,629,119,897481,2302812,466,75,188,brand video 캠페인,,,,,,https://business.facebook.com/adsmanager/manage/ads?act=demo&selected=%EB%B8%8C%EB%9E%9C%EB%94%A9_branding_%EB%8B%B9%EA%B7%BC%EB%AA%A8%EB%A8%BC%ED%8A%B8_H,,,,
2026-05-04,Facebook Ads,중고거래_declutter_비우기_영상_I,312929,33804,691,99,189,77,77,31,77,12,91887,217379,53,12,29,fleamarket video q2 캠페인,,,,,,https://business.facebook.com/adsmanager/manage/ads?act=demo&selected=%EC%A4%91%EA%B3%A0%EA%B1%B0%EB%9E%98_declutter_%EB%B9%84%EC%9A%B0%EA%B8%B0_%EC%98%81%EC%83%81_I,,,,
2026-05-04,Facebook Ads,알바_baro_running_급구_이미지_J,2620389,226048,3349,366,623,250,250,77,250,30,207526,426336,153,52,130,jobs image 캠페인,,,,,,https://business.facebook.com/adsmanager/manage/ads?act=demo&selected=%EC%95%8C%EB%B0%94_baro_running_%EA%B8%89%EA%B5%AC_%EC%9D%B4%EB%AF%B8%EC%A7%80_J,,,,
2026-05-04,Facebook Ads,부동산_secretkey_시크릿키_영상_K,2132230,205239,3553,450,814,328,328,116,328,47,333664,739000,214,58,145,realty video 캠페인,,,,,,https://business.facebook.com/adsmanager/manage/ads?act=demo&selected=%EB%B6%80%EB%8F%99%EC%82%B0_secretkey_%EC%8B%9C%ED%81%AC%EB%A6%BF%ED%82%A4_%EC%98%81%EC%83%81_K,,,,
2026-05-11,moloco_int,중고거래_홈피드_15초_세로_A,4742437,679185,18006,3166,6689,2728,2728,1317,2728,553,4220652,11264896,2093,288,720,fleamarket video q2 캠페인,2133,NATIVE_VIDEO,1080x1920,fleamarket_video_q2,https://assets.adsmoloco.com/%EC%A4%91%EA%B3%A0%EA%B1%B0%EB%9E%98_%ED%99%88%ED%94%BC%EB%93%9C_15%EC%B4%88_%EC%84%B8%EB%A1%9C_A.mp4,,555063,465286,383784,343893
2026-05-11,moloco_int,중고거래_배너_정사각_거래안전_B,3566691,351105,6902,897,1642,662,662,240,662,97,697170,1565521,438,113,283,fleamarket image q2 캠페인,433,IMAGE,1080x1080,fleamarket_image_q2,https://assets.adsmoloco.com/%EC%A4%91%EA%B3%A0%EA%B1%B0%EB%9E%98_%EB%B0%B0%EB%84%88_%EC%A0%95%EC%82%AC%EA%B0%81_%EA%B1%B0%EB%9E%98%EC%95%88%EC%A0%84_B.png,,,,,
2026-05-11,moloco_int,알바_숏폼_동네알바_9초_C,4310150,548771,13285,2168,4412,1795,1795,808,1795,336,2533771,6468149,1325,218,545,jobs video q2 캠페인,1251,VIDEO,1080x1920,jobs_video_q2,https://assets.adsmoloco.com/%EC%95%8C%EB%B0%94_%EC%88%8F%ED%8F%BC_%EB%8F%99%EB%84%A4%EC%95%8C%EB%B0%94_9%EC%B4%88_C.mp4,,432538,358937,293084,256601
2026-05-11,moloco_int,부동산_realty_직거래_이미지_D,2835102,255569,4057,472,825,331,331,108,331,43,300451,637224,209,64,161,realty image 캠페인,188,NATIVE_IMAGE,1200x628,realty_image,https://assets.adsmoloco.com/%EB%B6%80%EB%8F%99%EC%82%B0_realty_%EC%A7%81%EA%B1%B0%EB%9E%98_%EC%9D%B4%EB%AF%B8%EC%A7%80_D.png,,,,,
2026-05-11,moloco_int,중고차_cars_시세조회_영상_E,801715,91507,2251,338,661,268,268,111,268,46,340489,828015,190,38,94,usedcar video 캠페인,182,VIDEO,1080x1350,usedcar_video,https://assets.adsmoloco.com/%EC%A4%91%EA%B3%A0%EC%B0%A8_cars_%EC%8B%9C%EC%84%B8%EC%A1%B0%ED%9A%8C_%EC%98%81%EC%83%81_E.mp4,,69359,56901,45920,39099
2026-05-11,moloco_int,모임_group_동네친구_이미지_F,2571564,258785,5459,727,1345,543,543,202,543,81,590548,1343530,363,90,225,group image 캠페인,379,IMAGE,1080x1080,group_image,https://assets.adsmoloco.com/%EB%AA%A8%EC%9E%84_group_%EB%8F%99%EB%84%A4%EC%B9%9C%EA%B5%AC_%EC%9D%B4%EB%AF%B8%EC%A7%80_F.png,,,,,
2026-05-11,moloco_int,동네업체_localbiz_예약_영상_G,1728168,251260,6675,1184,2512,1025,1025,499,1025,210,1602506,4299414,790,106,266,biz video 캠페인,789,NATIVE_VIDEO,1080x1920,biz_video,https://assets.adsmoloco.com/%EB%8F%99%EB%84%A4%EC%97%85%EC%B2%B4_localbiz_%EC%98%88%EC%95%BD_%EC%98%81%EC%83%81_G.mp4,,206217,173063,142912,128388
2026-05-11,moloco_int,브랜딩_branding_당근모먼트_H,4146545,533878,13515,2223,4541,1848,1848,838,1848,349,2633692,6753895,1370,222,554,brand video 캠페인,1492,VIDEO,1920x1080,brand_video,https://assets.adsmoloco.com/%EB%B8%8C%EB%9E%9C%EB%94%A9_branding_%EB%8B%B9%EA%B7%BC%EB%AA%A8%EB%A8%BC%ED%8A%B8_H.mp4,,422354,350853,286788,251709
2026-05-11,moloco_int,중고거래_declutter_비우기_영상_I,2607949,308060,7728,1193,2363,959,959,409,959,169,1262468,3119857,688,128,320,fleamarket video q2 캠페인,673,NATIVE_VIDEO,1080x1920,fleamarket_video_q2,https://assets.adsmoloco.com/%EC%A4%91%EA%B3%A0%EA%B1%B0%EB%9E%98_declutter_%EB%B9%84%EC%9A%B0%EA%B8%B0_%EC%98%81%EC%83%81_I.mp4,,236531,194795,157828,135673
2026-05-11,moloco_int,알바_baro_running_급구_이미지_J,3043631,264813,4025,445,762,305,305,95,305,37,257864,533143,188,63,157,jobs image 캠페인,182,IMAGE,1080x1080,jobs_image,https://assets.adsmoloco.com/%EC%95%8C%EB%B0%94_baro_running_%EA%B8%89%EA%B5%AC_%EC%9D%B4%EB%AF%B8%EC%A7%80_J.png,,,,,
2026-05-11,moloco_int,부동산_secretkey_시크릿키_영상_K,3981983,423716,9507,1340,2543,1029,1029,403,1029,164,1205432,2829107,707,158,394,realty video 캠페인,662,VIDEO,1080x1920,realty_video,https://assets.adsmoloco.com/%EB%B6%80%EB%8F%99%EC%82%B0_secretkey_%EC%8B%9C%ED%81%AC%EB%A6%BF%ED%82%A4_%EC%98%81%EC%83%81_K.mp4,,312169,253887,203041,169058
2026-05-11,moloco_int,중고거래_nocommission_수수료0_L,1417685,129751,1954,232,409,164,164,55,164,22,153127,328177,104,31,78,fleamarket image q2 캠페인,96,NATIVE_IMAGE,1200x628,fleamarket_image_q2,https://assets.adsmoloco.com/%EC%A4%91%EA%B3%A0%EA%B1%B0%EB%9E%98_nocommission_%EC%88%98%EC%88%98%EB%A3%8C0_L.png,,,,,
2026-05-11,moloco_int,동네업체_realdaangn_단골_영상_M,4188224,522406,12309,1980,4001,1627,1627,722,1627,300,2255373,5708443,1192,203,507,biz video 캠페인,1205,NATIVE_VIDEO,1080x1920,biz_video,https://assets.adsmoloco.com/%EB%8F%99%EB%84%A4%EC%97%85%EC%B2%B4_realdaangn_%EB%8B%A8%EA%B3%A8_%EC%98%81%EC%83%81_M.mp4,,408919,338664,275976,240488
2026-05-11,moloco_int,모임_group_취미모임_배너_N,699862,55730,720,69,112,45,45,12,45,5,30594,58912,26,10,26,group image 캠페인,27,BANNER,320x50,group_image,https://assets.adsmoloco.com/%EB%AA%A8%EC%9E%84_group_%EC%B7%A8%EB%AF%B8%EB%AA%A8%EC%9E%84_%EB%B0%B0%EB%84%88_N.png,,,,,
2026-05-11,Facebook Ads,중고거래_홈피드_15초_세로_A,5460734,888018,25382,4768,10426,4264,4264,2193,4264,927,7149737,19876887,3390,389,973,fleamarket video q2 캠페인,,,,,,https://business.facebook.com/adsmanager/manage/ads?act=demo&selected=%EC%A4%91%EA%B3%A0%EA%B1%B0%EB%9E%98_%ED%99%88%ED%94%BC%EB%93%9C_15%EC%B4%88_%EC%84%B8%EB%A1%9C_A,,,,
2026-05-11,Facebook Ads,중고거래_배너_정사각_거래안전_B,777304,81076,1762,243,457,185,185,71,185,29,211264,490489,126,29,73,fleamarket image q2 캠페인,,,,,,https://business.facebook.com/adsmanager/manage/ads?act=demo&selected=%EC%A4%91%EA%B3%A0%EA%B1%B0%EB%9E%98_%EB%B0%B0%EB%84%88_%EC%A0%95%EC%82%AC%EA%B0%81_%EA%B1%B0%EB%9E%98%EC%95%88%EC%A0%84_B,,,,
2026-05-11,Facebook Ads,알바_숏폼_동네알바_9초_C,1809750,224104,5656,905,1824,741,741,327,741,136,1020466,2574910,542,93,233,jobs video q2 캠페인,,,,,,https://business.facebook.com/adsmanager/manage/ads?act=demo&selected=%EC%95%8C%EB%B0%94_%EC%88%8F%ED%8F%BC_%EB%8F%99%EB%84%A4%EC%95%8C%EB%B0%94_9%EC%B4%88_C,,,,
2026-05-11,Facebook Ads,부동산_realty_직거래_이미지_D,2786838,236530,3312,353,595,238,238,72,238,28,190531,386596,145,51,127,realty image 캠페인,,,,,,https://business.facebook.com/adsmanager/manage/ads?act=demo&selected=%EB%B6%80%EB%8F%99%EC%82%B0_realty_%EC%A7%81%EA%B1%B0%EB%9E%98_%EC%9D%B4%EB%AF%B8%EC%A7%80_D,,,,
2026-05-11,Facebook Ads,중고차_cars_시세조회_영상_E,2773031,291382,5978,832,1570,635,635,246,635,100,732117,1706632,434,99,248,usedcar video 캠페인,,,,,,https://business.facebook.com/adsmanager/manage/ads?act=demo&selected=%EC%A4%91%EA%B3%A0%EC%B0%A8_cars_%EC%8B%9C%EC%84%B8%EC%A1%B0%ED%9A%8C_%EC%98%81%EC%83%81_E,,,,
2026-05-11,Facebook Ads,모임_group_동네친구_이미지_F,3683394,355212,6446,818,1482,597,597,212,597,85,609113,1350642,391,105,263,group image 캠페인,,,,,,https://business.facebook.com/adsmanager/manage/ads?act=demo&selected=%EB%AA%A8%EC%9E%84_group_%EB%8F%99%EB%84%A4%EC%B9%9C%EA%B5%AC_%EC%9D%B4%EB%AF%B8%EC%A7%80_F,,,,
2026-05-11,Facebook Ads,동네업체_localbiz_예약_영상_G,735930,97970,2577,433,894,364,364,168,364,70,533199,1385479,273,42,105,biz video 캠페인,,,,,,https://business.facebook.com/adsmanager/manage/ads?act=demo&selected=%EB%8F%99%EB%84%A4%EC%97%85%EC%B2%B4_localbiz_%EC%98%88%EC%95%BD_%EC%98%81%EC%83%81_G,,,,
2026-05-11,Facebook Ads,브랜딩_branding_당근모먼트_H,1139302,145732,3728,610,1243,506,506,228,506,95,717118,1834119,374,61,153,brand video 캠페인,,,,,,https://business.facebook.com/adsmanager/manage/ads?act=demo&selected=%EB%B8%8C%EB%9E%9C%EB%94%A9_branding_%EB%8B%B9%EA%B7%BC%EB%AA%A8%EB%A8%BC%ED%8A%B8_H,,,,
2026-05-11,Facebook Ads,중고거래_declutter_비우기_영상_I,2815967,312596,6309,925,1788,724,724,294,724,121,891995,2139798,507,105,262,fleamarket video q2 캠페인,,,,,,https://business.facebook.com/adsmanager/manage/ads?act=demo&selected=%EC%A4%91%EA%B3%A0%EA%B1%B0%EB%9E%98_declutter_%EB%B9%84%EC%9A%B0%EA%B8%B0_%EC%98%81%EC%83%81_I,,,,
2026-05-11,Facebook Ads,알바_baro_running_급구_이미지_J,1742674,151797,2295,254,435,174,174,54,174,21,147467,305153,107,36,89,jobs image 캠페인,,,,,,https://business.facebook.com/adsmanager/manage/ads?act=demo&selected=%EC%95%8C%EB%B0%94_baro_running_%EA%B8%89%EA%B5%AC_%EC%9D%B4%EB%AF%B8%EC%A7%80_J,,,,
2026-05-11,Facebook Ads,부동산_secretkey_시크릿키_영상_K,3275859,336729,6293,857,1601,647,647,245,647,99,724651,1668778,437,104,260,realty video 캠페인,,,,,,https://business.facebook.com/adsmanager/manage/ads?act=demo&selected=%EB%B6%80%EB%8F%99%EC%82%B0_secretkey_%EC%8B%9C%ED%81%AC%EB%A6%BF%ED%82%A4_%EC%98%81%EC%83%81_K,,,,
2026-05-18,moloco_int,중고거래_홈피드_15초_세로_A,2239131,373189,10595,2013,4429,1812,1812,942,1812,399,3080400,8625120,1450,161,403,fleamarket video q2 캠페인,1368,NATIVE_VIDEO,1080x1920,fleamarket_video_q2,https://assets.adsmoloco.com/%EC%A4%91%EA%B3%A0%EA%B1%B0%EB%9E%98_%ED%99%88%ED%94%BC%EB%93%9C_15%EC%B4%88_%EC%84%B8%EB%A1%9C_A.mp4,,317211,268696,223913,205254
2026-05-18,moloco_int,중고거래_배너_정사각_거래안전_B,3145670,309916,6197,806,1476,595,595,216,595,87,627389,1409529,394,102,254,fleamarket image q2 캠페인,400,IMAGE,1080x1080,fleamarket_image_q2,https://assets.adsmoloco.com/%EC%A4%91%EA%B3%A0%EA%B1%B0%EB%9E%98_%EB%B0%B0%EB%84%88_%EC%A0%95%EC%82%AC%EA%B0%81_%EA%B1%B0%EB%9E%98%EC%95%88%EC%A0%84_B.png,,,,,
2026-05-18,moloco_int,알바_숏폼_동네알바_9초_C,2218700,269335,6812,1074,2149,873,873,380,873,157,1180219,2952482,633,113,282,jobs video q2 캠페인,626,VIDEO,1080x1920,jobs_video_q2,https://assets.adsmoloco.com/%EC%95%8C%EB%B0%94_%EC%88%8F%ED%8F%BC_%EB%8F%99%EB%84%A4%EC%95%8C%EB%B0%94_9%EC%B4%88_C.mp4,,208845,172492,140172,121348
2026-05-18,moloco_int,부동산_realty_직거래_이미지_D,942658,82571,1172,131,225,90,90,28,90,11,77171,160347,56,18,46,realty image 캠페인,57,NATIVE_IMAGE,1200x628,realty_image,https://assets.adsmoloco.com/%EB%B6%80%EB%8F%99%EC%82%B0_realty_%EC%A7%81%EA%B1%B0%EB%9E%98_%EC%9D%B4%EB%AF%B8%EC%A7%80_D.png,,,,,
2026-05-18,moloco_int,중고차_cars_시세조회_영상_E,1742693,206152,4966,768,1522,618,618,264,618,109,814744,2014762,444,82,206,usedcar video 캠페인,411,VIDEO,1080x1350,usedcar_video,https://assets.adsmoloco.com/%EC%A4%91%EA%B3%A0%EC%B0%A8_cars_%EC%8B%9C%EC%84%B8%EC%A1%B0%ED%9A%8C_%EC%98%81%EC%83%81_E.mp4,,158370,130446,105708,90905
2026-05-18,moloco_int,모임_group_동네친구_이미지_F,743536,78071,1762,245,462,187,187,72,187,29,215397,501910,128,29,73,group image 캠페인,119,IMAGE,1080x1080,group_image,https://assets.adsmoloco.com/%EB%AA%A8%EC%9E%84_group_%EB%8F%99%EB%84%A4%EC%B9%9C%EA%B5%AC_%EC%9D%B4%EB%AF%B8%EC%A7%80_F.png,,,,,
2026-05-18,moloco_int,동네업체_localbiz_예약_영상_G,746425,88804,2162,336,667,271,271,116,271,48,359303,890818,195,36,90,biz video 캠페인,193,NATIVE_VIDEO,1080x1920,biz_video,https://assets.adsmoloco.com/%EB%8F%99%EB%84%A4%EC%97%85%EC%B2%B4_localbiz_%EC%98%88%EC%95%BD_%EC%98%81%EC%83%81_G.mp4,,68363,56344,45688,39349
2026-05-18,moloco_int,브랜딩_branding_당근모먼트_H,543685,76257,1924,334,701,286,286,137,286,57,435942,1154975,218,31,77,brand video 캠페인,196,VIDEO,1920x1080,brand_video,https://assets.adsmoloco.com/%EB%B8%8C%EB%9E%9C%EB%94%A9_branding_%EB%8B%B9%EA%B7%BC%EB%AA%A8%EB%A8%BC%ED%8A%B8_H.mp4,,61947,51842,42691,38113
2026-05-18,moloco_int,중고거래_declutter_비우기_영상_I,2257245,233744,4323,593,1112,449,449,171,449,70,507885,1174439,304,72,179,fleamarket video q2 캠페인,334,NATIVE_VIDEO,1080x1920,fleamarket_video_q2,https://assets.adsmoloco.com/%EC%A4%91%EA%B3%A0%EA%B1%B0%EB%9E%98_declutter_%EB%B9%84%EC%9A%B0%EA%B8%B0_%EC%98%81%EC%83%81_I.mp4,,170190,137903,109854,90569
2026-05-18,moloco_int,알바_baro_running_급구_이미지_J,691243,58722,790,84,142,57,57,17,57,7,45726,92845,35,12,30,jobs image 캠페인,34,IMAGE,1080x1080,jobs_image,https://assets.adsmoloco.com/%EC%95%8C%EB%B0%94_baro_running_%EA%B8%89%EA%B5%AC_%EC%9D%B4%EB%AF%B8%EC%A7%80_J.png,,,,,
2026-05-18,moloco_int,부동산_secretkey_시크릿키_영상_K,2292641,233196,5061,682,1268,512,512,192,512,78,565249,1293937,344,84,209,realty video 캠페인,358,VIDEO,1080x1920,realty_video,https://assets.adsmoloco.com/%EB%B6%80%EB%8F%99%EC%82%B0_secretkey_%EC%8B%9C%ED%81%AC%EB%A6%BF%ED%82%A4_%EC%98%81%EC%83%81_K.mp4,,168434,136133,108150,88548
2026-05-18,moloco_int,중고거래_nocommission_수수료0_L,842006,80485,1387,174,314,126,126,44,126,18,126751,279500,82,22,56,fleamarket image q2 캠페인,87,NATIVE_IMAGE,1200x628,fleamarket_image_q2,https://assets.adsmoloco.com/%EC%A4%91%EA%B3%A0%EA%B1%B0%EB%9E%98_nocommission_%EC%88%98%EC%88%98%EB%A3%8C0_L.png,,,,,
2026-05-18,moloco_int,동네업체_realdaangn_단골_영상_M,2739956,349543,8195,1339,2727,1109,1109,500,1109,208,1568108,4006270,819,134,336,biz video 캠페인,856,NATIVE_VIDEO,1080x1920,biz_video,https://assets.adsmoloco.com/%EB%8F%99%EB%84%A4%EC%97%85%EC%B2%B4_realdaangn_%EB%8B%A8%EA%B3%A8_%EC%98%81%EC%83%81_M.mp4,,275688,228820,186874,163684
2026-05-18,moloco_int,모임_group_취미모임_배너_N,382215,31331,373,37,61,24,24,7,24,3,17656,34843,14,6,14,group image 캠페인,13,BANNER,320x50,group_image,https://assets.adsmoloco.com/%EB%AA%A8%EC%9E%84_group_%EC%B7%A8%EB%AF%B8%EB%AA%A8%EC%9E%84_%EB%B0%B0%EB%84%88_N.png,,,,,
2026-05-18,Facebook Ads,중고거래_홈피드_15초_세로_A,1610773,206675,5325,874,1783,726,726,328,726,137,1031628,2641830,537,87,218,fleamarket video q2 캠페인,,,,,,https://business.facebook.com/adsmanager/manage/ads?act=demo&selected=%EC%A4%91%EA%B3%A0%EA%B1%B0%EB%9E%98_%ED%99%88%ED%94%BC%EB%93%9C_15%EC%B4%88_%EC%84%B8%EB%A1%9C_A,,,,
2026-05-18,Facebook Ads,중고거래_배너_정사각_거래안전_B,3647682,373017,7492,1015,1892,764,764,288,764,117,849702,1951043,515,124,310,fleamarket image q2 캠페인,,,,,,https://business.facebook.com/adsmanager/manage/ads?act=demo&selected=%EC%A4%91%EA%B3%A0%EA%B1%B0%EB%9E%98_%EB%B0%B0%EB%84%88_%EC%A0%95%EC%82%AC%EA%B0%81_%EA%B1%B0%EB%9E%98%EC%95%88%EC%A0%84_B,,,,
2026-05-18,Facebook Ads,알바_숏폼_동네알바_9초_C,3022494,436394,11370,2008,4252,1735,1735,842,1735,353,2699564,7225447,1334,181,453,jobs video q2 캠페인,,,,,,https://business.facebook.com/adsmanager/manage/ads?act=demo&selected=%EC%95%8C%EB%B0%94_%EC%88%8F%ED%8F%BC_%EB%8F%99%EB%84%A4%EC%95%8C%EB%B0%94_9%EC%B4%88_C,,,,
2026-05-18,Facebook Ads,부동산_realty_직거래_이미지_D,1933212,172621,2805,322,560,225,225,73,225,29,200528,422467,141,44,111,realty image 캠페인,,,,,,https://business.facebook.com/adsmanager/manage/ads?act=demo&selected=%EB%B6%80%EB%8F%99%EC%82%B0_realty_%EC%A7%81%EA%B1%B0%EB%9E%98_%EC%9D%B4%EB%AF%B8%EC%A7%80_D,,,,
2026-05-18,Facebook Ads,중고차_cars_시세조회_영상_E,4702087,544490,12770,1940,3813,1547,1547,650,1547,268,1995619,4886404,1102,212,530,usedcar video 캠페인,,,,,,https://business.facebook.com/adsmanager/manage/ads?act=demo&selected=%EC%A4%91%EA%B3%A0%EC%B0%A8_cars_%EC%8B%9C%EC%84%B8%EC%A1%B0%ED%9A%8C_%EC%98%81%EC%83%81_E,,,,
2026-05-18,Facebook Ads,모임_group_동네친구_이미지_F,3569991,350418,6357,823,1504,607,607,220,607,88,636477,1426742,401,104,260,group image 캠페인,,,,,,https://business.facebook.com/adsmanager/manage/ads?act=demo&selected=%EB%AA%A8%EC%9E%84_group_%EB%8F%99%EB%84%A4%EC%B9%9C%EA%B5%AC_%EC%9D%B4%EB%AF%B8%EC%A7%80_F,,,,
2026-05-18,Facebook Ads,동네업체_localbiz_예약_영상_G,2796793,366075,9933,1652,3394,1381,1381,633,1381,264,1995402,5150811,1029,162,406,biz video 캠페인,,,,,,https://business.facebook.com/adsmanager/manage/ads?act=demo&selected=%EB%8F%99%EB%84%A4%EC%97%85%EC%B2%B4_localbiz_%EC%98%88%EC%95%BD_%EC%98%81%EC%83%81_G,,,,
2026-05-18,Facebook Ads,브랜딩_branding_당근모먼트_H,5125342,713646,20205,3494,7320,2984,2984,1418,2984,594,4524184,11954759,2270,326,814,brand video 캠페인,,,,,,https://business.facebook.com/adsmanager/manage/ads?act=demo&selected=%EB%B8%8C%EB%9E%9C%EB%94%A9_branding_%EB%8B%B9%EA%B7%BC%EB%AA%A8%EB%A8%BC%ED%8A%B8_H,,,,
2026-05-18,Facebook Ads,중고거래_declutter_비우기_영상_I,461075,49195,1074,152,289,117,117,46,117,19,137523,323227,80,18,45,fleamarket video q2 캠페인,,,,,,https://business.facebook.com/adsmanager/manage/ads?act=demo&selected=%EC%A4%91%EA%B3%A0%EA%B1%B0%EB%9E%98_declutter_%EB%B9%84%EC%9A%B0%EA%B8%B0_%EC%98%81%EC%83%81_I,,,,
2026-05-18,Facebook Ads,알바_baro_running_급구_이미지_J,1918379,156638,1798,179,294,118,118,34,118,13,85929,169026,70,27,67,jobs image 캠페인,,,,,,https://business.facebook.com/adsmanager/manage/ads?act=demo&selected=%EC%95%8C%EB%B0%94_baro_running_%EA%B8%89%EA%B5%AC_%EC%9D%B4%EB%AF%B8%EC%A7%80_J,,,,
2026-05-18,Facebook Ads,부동산_secretkey_시크릿키_영상_K,350922,36776,807,112,211,85,85,33,85,13,97663,227330,58,13,33,realty video 캠페인,,,,,,https://business.facebook.com/adsmanager/manage/ads?act=demo&selected=%EB%B6%80%EB%8F%99%EC%82%B0_secretkey_%EC%8B%9C%ED%81%AC%EB%A6%BF%ED%82%A4_%EC%98%81%EC%83%81_K,,,,
2026-05-25,moloco_int,중고거래_홈피드_15초_세로_A,665913,110986,3302,627,1379,564,564,293,564,124,958800,2684640,451,50,125,fleamarket video q2 캠페인,415,NATIVE_VIDEO,1080x1920,fleamarket_video_q2,https://assets.adsmoloco.com/%EC%A4%91%EA%B3%A0%EA%B1%B0%EB%9E%98_%ED%99%88%ED%94%BC%EB%93%9C_15%EC%B4%88_%EC%84%B8%EB%A1%9C_A.mp4,,94338,79910,66592,61042
2026-05-25,moloco_int,중고거래_배너_정사각_거래안전_B,515146,54846,1115,157,298,121,121,47,121,19,141843,332998,83,18,46,fleamarket image q2 캠페인,78,IMAGE,1080x1080,fleamarket_image_q2,https://assets.adsmoloco.com/%EC%A4%91%EA%B3%A0%EA%B1%B0%EB%9E%98_%EB%B0%B0%EB%84%88_%EC%A0%95%EC%82%AC%EA%B0%81_%EA%B1%B0%EB%9E%98%EC%95%88%EC%A0%84_B.png,,,,,
2026-05-25,moloco_int,알바_숏폼_동네알바_9초_C,4322253,595157,16515,2837,5923,2414,2414,1140,2414,477,3629763,9552386,1830,267,667,jobs video q2 캠페인,1986,VIDEO,1080x1920,jobs_video_q2,https://assets.adsmoloco.com/%EC%95%8C%EB%B0%94_%EC%88%8F%ED%8F%BC_%EB%8F%99%EB%84%A4%EC%95%8C%EB%B0%94_9%EC%B4%88_C.mp4,,480840,401800,330381,293945
2026-05-25,moloco_int,부동산_realty_직거래_이미지_D,2944496,262826,4282,492,855,343,343,111,343,44,305480,643414,215,68,170,realty image 캠페인,216,NATIVE_IMAGE,1200x628,realty_image,https://assets.adsmoloco.com/%EB%B6%80%EB%8F%99%EC%82%B0_realty_%EC%A7%81%EA%B1%B0%EB%9E%98_%EC%9D%B4%EB%AF%B8%EC%A7%80_D.png,,,,,
2026-05-25,moloco_int,중고차_cars_시세조회_영상_E,2675442,286949,6096,866,1649,667,667,263,667,107,789042,1859640,460,101,253,usedcar video 캠페인,423,VIDEO,1080x1350,usedcar_video,https://assets.adsmoloco.com/%EC%A4%91%EA%B3%A0%EC%B0%A8_cars_%EC%8B%9C%EC%84%B8%EC%A1%B0%ED%9A%8C_%EC%98%81%EC%83%81_E.mp4,,212115,172692,138258,115433
2026-05-25,moloco_int,모임_group_동네친구_이미지_F,310047,29837,506,64,116,47,47,17,47,7,47794,105839,31,8,21,group image 캠페인,30,IMAGE,1080x1080,group_image,https://assets.adsmoloco.com/%EB%AA%A8%EC%9E%84_group_%EB%8F%99%EB%84%A4%EC%B9%9C%EA%B5%AC_%EC%9D%B4%EB%AF%B8%EC%A7%80_F.png,,,,,
2026-05-25,moloco_int,동네업체_localbiz_예약_영상_G,2773584,333939,8613,1350,2693,1094,1094,474,1094,196,1467429,3657684,791,142,356,biz video 캠페인,796,NATIVE_VIDEO,1080x1920,biz_video,https://assets.adsmoloco.com/%EB%8F%99%EB%84%A4%EC%97%85%EC%B2%B4_localbiz_%EC%98%88%EC%95%BD_%EC%98%81%EC%83%81_G.mp4,,258183,213060,172987,149447
2026-05-25,moloco_int,브랜딩_branding_당근모먼트_H,4917055,668922,18814,3208,6672,2719,2719,1275,2719,533,4051005,10613244,2053,305,762,brand video 캠페인,2231,VIDEO,1920x1080,brand_video,https://assets.adsmoloco.com/%EB%B8%8C%EB%9E%9C%EB%94%A9_branding_%EB%8B%B9%EA%B7%BC%EB%AA%A8%EB%A8%BC%ED%8A%B8_H.mp4,,538466,449498,369228,327750
2026-05-25,moloco_int,중고거래_declutter_비우기_영상_I,3537144,399162,8271,1230,2393,970,970,400,970,164,1217243,2943874,683,138,344,fleamarket video q2 캠페인,635,NATIVE_VIDEO,1080x1920,fleamarket_video_q2,https://assets.adsmoloco.com/%EC%A4%91%EA%B3%A0%EA%B1%B0%EB%9E%98_declutter_%EB%B9%84%EC%9A%B0%EA%B8%B0_%EC%98%81%EC%83%81_I.mp4,,301215,246786,198887,168776
2026-05-25,moloco_int,알바_baro_running_급구_이미지_J,3127475,269428,4216,460,783,314,314,97,314,38,259889,533368,193,66,164,jobs image 캠페인,174,IMAGE,1080x1080,jobs_image,https://assets.adsmoloco.com/%EC%95%8C%EB%B0%94_baro_running_%EA%B8%89%EA%B5%AC_%EC%9D%B4%EB%AF%B8%EC%A7%80_J.png,,,,,
2026-05-25,moloco_int,부동산_secretkey_시크릿키_영상_K,3061225,298287,5898,757,1379,556,556,200,556,80,576526,1286600,366,96,241,realty video 캠페인,382,VIDEO,1080x1920,realty_video,https://assets.adsmoloco.com/%EB%B6%80%EB%8F%99%EC%82%B0_secretkey_%EC%8B%9C%ED%81%AC%EB%A6%BF%ED%82%A4_%EC%98%81%EC%83%81_K.mp4,,211161,169558,133763,107547
2026-05-25,moloco_int,중고거래_nocommission_수수료0_L,1804876,176853,2997,387,707,285,285,103,285,41,298056,667427,188,49,123,fleamarket image q2 캠페인,177,NATIVE_IMAGE,1200x628,fleamarket_image_q2,https://assets.adsmoloco.com/%EC%A4%91%EA%B3%A0%EA%B1%B0%EB%9E%98_nocommission_%EC%88%98%EC%88%98%EB%A3%8C0_L.png,,,,,
2026-05-25,moloco_int,동네업체_realdaangn_단골_영상_M,3603359,450409,11015,1775,3589,1459,1459,648,1459,269,2026347,5133363,1070,182,454,biz video 캠페인,1095,NATIVE_VIDEO,1080x1920,biz_video,https://assets.adsmoloco.com/%EB%8F%99%EB%84%A4%EC%97%85%EC%B2%B4_realdaangn_%EB%8B%A8%EA%B3%A8_%EC%98%81%EC%83%81_M.mp4,,352818,292262,238213,207685
2026-05-25,moloco_int,모임_group_취미모임_배너_N,977356,77567,811,77,124,50,50,14,50,5,33665,64636,29,12,30,group image 캠페인,31,BANNER,320x50,group_image,https://assets.adsmoloco.com/%EB%AA%A8%EC%9E%84_group_%EC%B7%A8%EB%AF%B8%EB%AA%A8%EC%9E%84_%EB%B0%B0%EB%84%88_N.png,,,,,
2026-05-25,Facebook Ads,중고거래_홈피드_15초_세로_A,964014,158070,4633,874,1915,783,783,404,783,171,1319084,3676085,624,71,177,fleamarket video q2 캠페인,,,,,,https://business.facebook.com/adsmanager/manage/ads?act=demo&selected=%EC%A4%91%EA%B3%A0%EA%B1%B0%EB%9E%98_%ED%99%88%ED%94%BC%EB%93%9C_15%EC%B4%88_%EC%84%B8%EB%A1%9C_A,,,,
2026-05-25,Facebook Ads,중고거래_배너_정사각_거래안전_B,3182951,314430,6456,842,1544,623,623,227,623,91,659543,1484154,413,106,265,fleamarket image q2 캠페인,,,,,,https://business.facebook.com/adsmanager/manage/ads?act=demo&selected=%EC%A4%91%EA%B3%A0%EA%B1%B0%EB%9E%98_%EB%B0%B0%EB%84%88_%EC%A0%95%EC%82%AC%EA%B0%81_%EA%B1%B0%EB%9E%98%EC%95%88%EC%A0%84_B,,,,
2026-05-25,Facebook Ads,알바_숏폼_동네알바_9초_C,1261072,147363,3186,488,963,391,391,166,391,68,509141,1251971,279,53,132,jobs video q2 캠페인,,,,,,https://business.facebook.com/adsmanager/manage/ads?act=demo&selected=%EC%95%8C%EB%B0%94_%EC%88%8F%ED%8F%BC_%EB%8F%99%EB%84%A4%EC%95%8C%EB%B0%94_9%EC%B4%88_C,,,,
2026-05-25,Facebook Ads,부동산_realty_직거래_이미지_D,1295150,116016,1887,218,380,152,152,49,152,19,136310,287822,95,30,75,realty image 캠페인,,,,,,https://business.facebook.com/adsmanager/manage/ads?act=demo&selected=%EB%B6%80%EB%8F%99%EC%82%B0_realty_%EC%A7%81%EA%B1%B0%EB%9E%98_%EC%9D%B4%EB%AF%B8%EC%A7%80_D,,,,
2026-05-25,Facebook Ads,중고차_cars_시세조회_영상_E,1479853,178902,4413,694,1387,563,563,244,563,101,758136,1893131,408,73,183,usedcar video 캠페인,,,,,,https://business.facebook.com/adsmanager/manage/ads?act=demo&selected=%EC%A4%91%EA%B3%A0%EC%B0%A8_cars_%EC%8B%9C%EC%84%B8%EC%A1%B0%ED%9A%8C_%EC%98%81%EC%83%81_E,,,,
2026-05-25,Facebook Ads,모임_group_동네친구_이미지_F,4075480,416608,8543,1156,2155,870,870,328,870,133,967098,2220131,586,141,353,group image 캠페인,,,,,,https://business.facebook.com/adsmanager/manage/ads?act=demo&selected=%EB%AA%A8%EC%9E%84_group_%EB%8F%99%EB%84%A4%EC%B9%9C%EA%B5%AC_%EC%9D%B4%EB%AF%B8%EC%A7%80_F,,,,
2026-05-25,Facebook Ads,동네업체_localbiz_예약_영상_G,3067565,378938,9760,1559,3139,1276,1276,563,1276,233,1753335,4419537,932,161,403,biz video 캠페인,,,,,,https://business.facebook.com/adsmanager/manage/ads?act=demo&selected=%EB%8F%99%EB%84%A4%EC%97%85%EC%B2%B4_localbiz_%EC%98%88%EC%95%BD_%EC%98%81%EC%83%81_G,,,,
2026-05-25,Facebook Ads,브랜딩_branding_당근모먼트_H,2976765,379826,9979,1631,3322,1351,1351,609,1351,253,1910608,4881687,998,164,409,brand video 캠페인,,,,,,https://business.facebook.com/adsmanager/manage/ads?act=demo&selected=%EB%B8%8C%EB%9E%9C%EB%94%A9_branding_%EB%8B%B9%EA%B7%BC%EB%AA%A8%EB%A8%BC%ED%8A%B8_H,,,,
2026-05-25,Facebook Ads,중고거래_declutter_비우기_영상_I,740462,78511,1568,220,417,169,169,66,169,27,197095,461694,116,26,65,fleamarket video q2 캠페인,,,,,,https://business.facebook.com/adsmanager/manage/ads?act=demo&selected=%EC%A4%91%EA%B3%A0%EA%B1%B0%EB%9E%98_declutter_%EB%B9%84%EC%9A%B0%EA%B8%B0_%EC%98%81%EC%83%81_I,,,,
2026-05-25,Facebook Ads,알바_baro_running_급구_이미지_J,3004971,263937,4653,522,899,360,360,114,360,45,310430,646308,223,73,182,jobs image 캠페인,,,,,,https://business.facebook.com/adsmanager/manage/ads?act=demo&selected=%EC%95%8C%EB%B0%94_baro_running_%EA%B8%89%EA%B5%AC_%EC%9D%B4%EB%AF%B8%EC%A7%80_J,,,,
2026-05-25,Facebook Ads,부동산_secretkey_시크릿키_영상_K,856315,85877,1723,229,423,171,171,63,171,26,185060,420175,114,28,71,realty video 캠페인,,,,,,https://business.facebook.com/adsmanager/manage/ads?act=demo&selected=%EB%B6%80%EB%8F%99%EC%82%B0_secretkey_%EC%8B%9C%ED%81%AC%EB%A6%BF%ED%82%A4_%EC%98%81%EC%83%81_K,,,,
2026-06-01,moloco_int,중고거래_홈피드_15초_세로_A,5494793,780736,21681,3794,7997,3261,3261,1568,3261,657,5017177,13353744,2496,347,868,fleamarket video q2 캠페인,2346,NATIVE_VIDEO,1080x1920,fleamarket_video_q2,https://assets.adsmoloco.com/%EC%A4%91%EA%B3%A0%EA%B1%B0%EB%9E%98_%ED%99%88%ED%94%BC%EB%93%9C_15%EC%B4%88_%EC%84%B8%EB%A1%9C_A.mp4,,636613,533317,439628,393388
2026-06-01,moloco_int,중고거래_배너_정사각_거래안전_B,2615564,301789,6515,987,1937,786,786,330,786,136,1010133,2469189,559,108,271,fleamarket image q2 캠페인,587,IMAGE,1080x1080,fleamarket_image_q2,https://assets.adsmoloco.com/%EC%A4%91%EA%B3%A0%EA%B1%B0%EB%9E%98_%EB%B0%B0%EB%84%88_%EC%A0%95%EC%82%AC%EA%B0%81_%EA%B1%B0%EB%9E%98%EC%95%88%EC%A0%84_B.png,,,,,
2026-06-01,moloco_int,알바_숏폼_동네알바_9초_C,543080,66460,1572,249,500,203,203,89,203,37,276529,694217,148,26,65,jobs video q2 캠페인,154,VIDEO,1080x1920,jobs_video_q2,https://assets.adsmoloco.com/%EC%95%8C%EB%B0%94_%EC%88%8F%ED%8F%BC_%EB%8F%99%EB%84%A4%EC%95%8C%EB%B0%94_9%EC%B4%88_C.mp4,,51680,42720,34745,30139
2026-06-01,moloco_int,부동산_realty_직거래_이미지_D,708047,66349,1185,145,259,104,104,36,104,14,101224,220377,67,19,48,realty image 캠페인,68,NATIVE_IMAGE,1200x628,realty_image,https://assets.adsmoloco.com/%EB%B6%80%EB%8F%99%EC%82%B0_realty_%EC%A7%81%EA%B1%B0%EB%9E%98_%EC%9D%B4%EB%AF%B8%EC%A7%80_D.png,,,,,
2026-06-01,moloco_int,중고차_cars_시세조회_영상_E,1042643,122418,2848,438,866,351,351,149,351,62,459267,1131813,251,47,118,usedcar video 캠페인,245,VIDEO,1080x1350,usedcar_video,https://assets.adsmoloco.com/%EC%A4%91%EA%B3%A0%EC%B0%A8_cars_%EC%8B%9C%EC%84%B8%EC%A1%B0%ED%9A%8C_%EC%98%81%EC%83%81_E.mp4,,93784,77185,62495,53635
2026-06-01,moloco_int,모임_group_동네친구_이미지_F,2640521,249972,4254,528,947,382,382,133,382,53,378240,828936,247,69,173,group image 캠페인,229,IMAGE,1080x1080,group_image,https://assets.adsmoloco.com/%EB%AA%A8%EC%9E%84_group_%EB%8F%99%EB%84%A4%EC%B9%9C%EA%B5%AC_%EC%9D%B4%EB%AF%B8%EC%A7%80_F.png,,,,,
2026-06-01,moloco_int,동네업체_localbiz_예약_영상_G,4030244,461845,10518,1584,3101,1258,1258,525,1258,216,1605075,3910734,892,175,437,biz video 캠페인,954,NATIVE_VIDEO,1080x1920,biz_video,https://assets.adsmoloco.com/%EB%8F%99%EB%84%A4%EC%97%85%EC%B2%B4_localbiz_%EC%98%88%EC%95%BD_%EC%98%81%EC%83%81_G.mp4,,350596,287758,232336,198052
2026-06-01,moloco_int,브랜딩_branding_당근모먼트_H,5390278,805927,21712,3909,8361,3413,3413,1686,3413,709,5436674,14723746,2652,343,857,brand video 캠페인,2896,VIDEO,1920x1080,brand_video,https://assets.adsmoloco.com/%EB%B8%8C%EB%9E%9C%EB%94%A9_branding_%EB%8B%B9%EA%B7%BC%EB%AA%A8%EB%A8%BC%ED%8A%B8_H.mp4,,666547,560544,463833,418606
2026-06-01,moloco_int,중고거래_declutter_비우기_영상_I,2150953,225749,4470,622,1173,474,474,183,474,75,545665,1271177,323,74,185,fleamarket video q2 캠페인,329,NATIVE_VIDEO,1080x1920,fleamarket_video_q2,https://assets.adsmoloco.com/%EC%A4%91%EA%B3%A0%EA%B1%B0%EB%9E%98_declutter_%EB%B9%84%EC%9A%B0%EA%B8%B0_%EC%98%81%EC%83%81_I.mp4,,165338,134221,107131,88764
2026-06-01,moloco_int,알바_baro_running_급구_이미지_J,475078,39615,546,56,93,37,37,11,37,4,28411,56851,22,8,21,jobs image 캠페인,21,IMAGE,1080x1080,jobs_image,https://assets.adsmoloco.com/%EC%95%8C%EB%B0%94_baro_running_%EA%B8%89%EA%B5%AC_%EC%9D%B4%EB%AF%B8%EC%A7%80_J.png,,,,,
2026-06-01,moloco_int,부동산_secretkey_시크릿키_영상_K,3105189,342519,7725,1126,2170,879,879,355,879,145,1075110,2570839,613,128,321,realty video 캠페인,559,VIDEO,1080x1920,realty_video,https://assets.adsmoloco.com/%EB%B6%80%EB%8F%99%EC%82%B0_secretkey_%EC%8B%9C%ED%81%AC%EB%A6%BF%ED%82%A4_%EC%98%81%EC%83%81_K.mp4,,256139,209278,168175,141715
2026-06-01,moloco_int,중고거래_nocommission_수수료0_L,1933194,184878,3121,392,707,285,285,100,285,40,286923,632890,186,51,127,fleamarket image q2 캠페인,172,NATIVE_IMAGE,1200x628,fleamarket_image_q2,https://assets.adsmoloco.com/%EC%A4%91%EA%B3%A0%EA%B1%B0%EB%9E%98_nocommission_%EC%88%98%EC%88%98%EB%A3%8C0_L.png,,,,,
2026-06-01,moloco_int,동네업체_realdaangn_단골_영상_M,656687,81484,2032,326,658,267,267,118,267,49,368377,930317,195,34,84,biz video 캠페인,209,NATIVE_VIDEO,1080x1920,biz_video,https://assets.adsmoloco.com/%EB%8F%99%EB%84%A4%EC%97%85%EC%B2%B4_realdaangn_%EB%8B%A8%EA%B3%A8_%EC%98%81%EC%83%81_M.mp4,,63669,52703,42925,37359
2026-06-01,moloco_int,모임_group_취미모임_배너_N,1795687,146397,1729,172,283,113,113,32,113,12,81960,161014,67,26,64,group image 캠페인,63,BANNER,320x50,group_image,https://assets.adsmoloco.com/%EB%AA%A8%EC%9E%84_group_%EC%B7%A8%EB%AF%B8%EB%AA%A8%EC%9E%84_%EB%B0%B0%EB%84%88_N.png,,,,,
2026-06-01,Facebook Ads,중고거래_홈피드_15초_세로_A,849758,105301,2369,379,764,311,311,137,311,57,428566,1081710,227,39,98,fleamarket video q2 캠페인,,,,,,https://business.facebook.com/adsmanager/manage/ads?act=demo&selected=%EC%A4%91%EA%B3%A0%EA%B1%B0%EB%9E%98_%ED%99%88%ED%94%BC%EB%93%9C_15%EC%B4%88_%EC%84%B8%EB%A1%9C_A,,,,
2026-06-01,Facebook Ads,중고거래_배너_정사각_거래안전_B,2284755,215818,3498,433,776,312,312,108,312,43,307802,673614,202,57,142,fleamarket image q2 캠페인,,,,,,https://business.facebook.com/adsmanager/manage/ads?act=demo&selected=%EC%A4%91%EA%B3%A0%EA%B1%B0%EB%9E%98_%EB%B0%B0%EB%84%88_%EC%A0%95%EC%82%AC%EA%B0%81_%EA%B1%B0%EB%9E%98%EC%95%88%EC%A0%84_B,,,,
2026-06-01,Facebook Ads,알바_숏폼_동네알바_9초_C,535826,68609,1839,301,614,250,250,113,250,47,354615,907347,185,30,75,jobs video q2 캠페인,,,,,,https://business.facebook.com/adsmanager/manage/ads?act=demo&selected=%EC%95%8C%EB%B0%94_%EC%88%8F%ED%8F%BC_%EB%8F%99%EB%84%A4%EC%95%8C%EB%B0%94_9%EC%B4%88_C,,,,
2026-06-01,Facebook Ads,부동산_realty_직거래_이미지_D,1250518,106557,1401,150,254,102,102,31,102,12,82395,167694,62,22,54,realty image 캠페인,,,,,,https://business.facebook.com/adsmanager/manage/ads?act=demo&selected=%EB%B6%80%EB%8F%99%EC%82%B0_realty_%EC%A7%81%EA%B1%B0%EB%9E%98_%EC%9D%B4%EB%AF%B8%EC%A7%80_D,,,,
2026-06-01,Facebook Ads,중고차_cars_시세조회_영상_E,3819488,463154,10211,1609,3218,1308,1308,569,1308,236,1766475,4416969,948,169,422,usedcar video 캠페인,,,,,,https://business.facebook.com/adsmanager/manage/ads?act=demo&selected=%EC%A4%91%EA%B3%A0%EC%B0%A8_cars_%EC%8B%9C%EC%84%B8%EC%A1%B0%ED%9A%8C_%EC%98%81%EC%83%81_E,,,,
2026-06-01,Facebook Ads,모임_group_동네친구_이미지_F,3263652,310077,5172,645,1160,467,467,163,467,65,465162,1021787,303,84,210,group image 캠페인,,,,,,https://business.facebook.com/adsmanager/manage/ads?act=demo&selected=%EB%AA%A8%EC%9E%84_group_%EB%8F%99%EB%84%A4%EC%B9%9C%EA%B5%AC_%EC%9D%B4%EB%AF%B8%EC%A7%80_F,,,,
2026-06-01,Facebook Ads,동네업체_localbiz_예약_영상_G,4247387,469437,11147,1627,3139,1271,1271,515,1271,211,1558109,3729524,888,185,463,biz video 캠페인,,,,,,https://business.facebook.com/adsmanager/manage/ads?act=demo&selected=%EB%8F%99%EB%84%A4%EC%97%85%EC%B2%B4_localbiz_%EC%98%88%EC%95%BD_%EC%98%81%EC%83%81_G,,,,
2026-06-01,Facebook Ads,브랜딩_branding_당근모먼트_H,3864029,473073,11661,1850,3713,1509,1509,661,1509,274,2056414,5163537,1098,192,481,brand video 캠페인,,,,,,https://business.facebook.com/adsmanager/manage/ads?act=demo&selected=%EB%B8%8C%EB%9E%9C%EB%94%A9_branding_%EB%8B%B9%EA%B7%BC%EB%AA%A8%EB%A8%BC%ED%8A%B8_H,,,,
2026-06-01,Facebook Ads,중고거래_declutter_비우기_영상_I,3201984,359755,8259,1223,2375,963,963,395,963,162,1202612,2902231,677,137,343,fleamarket video q2 캠페인,,,,,,https://business.facebook.com/adsmanager/manage/ads?act=demo&selected=%EC%A4%91%EA%B3%A0%EA%B1%B0%EB%9E%98_declutter_%EB%B9%84%EC%9A%B0%EA%B8%B0_%EC%98%81%EC%83%81_I,,,,
2026-06-01,Facebook Ads,알바_baro_running_급구_이미지_J,2548492,212608,2684,278,464,185,185,54,185,21,142213,284676,111,41,102,jobs image 캠페인,,,,,,https://business.facebook.com/adsmanager/manage/ads?act=demo&selected=%EC%95%8C%EB%B0%94_baro_running_%EA%B8%89%EA%B5%AC_%EC%9D%B4%EB%AF%B8%EC%A7%80_J,,,,
2026-06-01,Facebook Ads,부동산_secretkey_시크릿키_영상_K,3855366,371005,7424,940,1701,685,685,243,685,97,696542,1542452,448,121,303,realty video 캠페인,,,,,,https://business.facebook.com/adsmanager/manage/ads?act=demo&selected=%EB%B6%80%EB%8F%99%EC%82%B0_secretkey_%EC%8B%9C%ED%81%AC%EB%A6%BF%ED%82%A4_%EC%98%81%EC%83%81_K,,,,